filename,M,N,Q,area_petal_mm2,perimeter_petal_mm,area_tot_mm2,perimeter_tot_mm,external_boundary
M2_N2_Q_0.05,2,2,0.05,0.078,4.726,0.156,9.452,0.2844
M2_N2_Q_0.10,2,2,0.1,0.147,5.379,0.294,10.758,0.4337
M2_N2_Q_0.15,2,2,0.15,0.212,5.841,0.424,11.682,0.5639
M2_N2_Q_0.20,2,2,0.2,0.284,6.116,0.568,12.232,0.6715
M2_N2_Q_0.25,2,2,0.25,0.371,6.473,0.742,12.946,0.7684
M2_N2_Q_0.30,2,2,0.3,0.445,6.695,0.890,13.390,0.8581
M2_N2_Q_0.35,2,2,0.35,0.509,6.938,1.018,13.876,0.9183
M2_N2_Q_0.40,2,2,0.4,0.573,7.194,1.146,14.388,1.0280
M2_N2_Q_0.45,2,2,0.45,0.645,7.271,1.290,14.542,1.0916
M2_N2_Q_0.50,2,2,0.5,0.714,7.430,1.428,14.860,1.1010
M2_N2_Q_0.55,2,2,0.55,0.790,7.680,1.580,15.360,1.1686
M2_N2_Q_0.60,2,2,0.6,0.830,7.834,1.660,15.668,1.2110
M2_N2_Q_0.65,2,2,0.65,0.925,7.806,1.850,15.612,1.2445
M2_N2_side_Q_0.70,2,2,0.7,0.969,7.786,1.938,15.572,1.2508
M2_N2_side_Q_0.75,2,2,0.75,1.043,7.815,2.086,15.630,1.2953
M2_N2_Q_0.80,2,2,0.8,1.117,7.844,2.234,15.688,1.3014
M2_N2_Q_0.85,2,2,0.85,1.200,7.840,2.400,15.680,1.3477
M2_N2_Q_0.90,2,2,0.9,1.307,7.743,2.614,15.486,1.3760
M2_N2_side_Q_0.95,2,2,0.95,1.458,7.805,2.916,15.610,1.4936
M2_N3_Q_0.05,2,3,0.05,0.077,3.977,0.231,11.931,0.2374
M2_N3_Q_0.10,2,3,0.1,0.124,4.540,0.372,13.620,0.3213
M2_N3_Q_0.15,2,3,0.15,0.185,5.055,0.555,15.165,0.4072
M2_N3_Q_0.20,2,3,0.2,0.235,5.379,0.705,16.137,0.4758
M2_N3_Q_0.25,2,3,0.25,0.235,5.623,0.705,16.869,0.5477
M2_N3_Q_0.30,2,3,0.3,0.277,5.802,0.831,17.406,0.6126
M2_N3_side_Q_0.35,2,3,0.35,0.349,5.919,1.047,17.757,0.6665
M2_N3_Q_0.40,2,3,0.4,0.364,6.080,1.092,18.240,0.6833
M2_N3_side_Q_0.45,2,3,0.45,0.432,6.159,1.296,18.477,0.6799
M2_N3_side_Q_0.50,2,3,0.5,0.479,6.218,1.437,18.654,0.6956
M2_N3_side_Q_0.55,2,3,0.55,0.525,6.189,1.575,18.567,0.7007
M2_N3_side_Q_0.60,2,3,0.6,0.562,6.194,1.686,18.582,0.7250
M2_N3_side_Q_0.65,2,3,0.65,0.604,6.220,1.812,18.660,0.7438
M2_N3_side_Q_0.70,2,3,0.7,0.664,6.285,1.992,18.855,0.7743
M2_N3_side_Q_0.75,2,3,0.75,0.704,6.237,2.112,18.711,0.8395
M2_N3_side_Q_0.80,2,3,0.8,0.756,6.219,2.268,18.657,0.9211
M2_N3_side_Q_0.85,2,3,0.85,0.823,6.287,2.469,18.861,0.9678
M2_N3_side_Q_0.90,2,3,0.9,0.883,6.276,2.649,18.828,1.0619
M2_N3_side_Q_0.95,2,3,0.95,0.959,6.260,2.877,18.780,1.1963
M2_N4_Q_0.05,2,4,0.05,0.056,3.549,0.224,14.196,0.2232
M2_N4_Q_0.10,2,4,0.1,0.096,4.142,0.384,16.568,0.2806
M2_N4_Q_0.15,2,4,0.15,0.137,4.587,0.548,18.348,0.3300
M2_N4_Q_0.20,2,4,0.2,0.172,4.885,0.688,19.540,0.3800
M2_N4_Q_0.25,2,4,0.25,0.197,5.040,0.788,20.160,0.4161
M2_N4_side_Q_0.30,2,4,0.3,0.227,5.269,0.908,21.076,0.4599
M2_N4_side_Q_0.35,2,4,0.35,0.264,5.486,1.056,21.944,0.4767
M2_N4_side_Q_0.40,2,4,0.4,0.293,5.391,1.172,21.564,0.4976
M2_N4_side_Q_0.45,2,4,0.45,0.341,5.486,1.364,21.944,0.5171
M2_N4_Q_0.50,2,4,0.5,0.365,5.541,1.460,22.164,0.5309
M2_N4_side_Q_0.55,2,4,0.55,0.397,5.453,1.588,21.812,0.5316
M2_N4_side_Q_0.60,2,4,0.6,0.430,5.496,1.720,21.984,0.5543
M2_N4_side_Q_0.65,2,4,0.65,0.465,5.515,1.860,22.060,0.5648
M2_N4_side_Q_0.70,2,4,0.7,0.503,5.577,2.012,22.308,0.5611
M2_N4_side_Q_0.75,2,4,0.75,0.542,5.565,2.168,22.260,0.6223
M2_N4_side_Q_0.80,2,4,0.8,0.584,5.528,2.336,22.112,0.6772
M2_N4_side_Q_0.85,2,4,0.85,0.625,5.452,2.500,21.808,0.8096
M2_N4_side_Q_0.90,2,4,0.9,0.663,5.575,2.652,22.300,0.8826
M2_N4_side_Q_0.95,2,4,0.95,0.724,5.481,2.896,21.924,0.9689
M2_N5_Q_0.05,2,5,0.05,0.046,3.178,0.230,15.890,0.2315
M2_N5_side_Q_0.10,2,5,0.1,0.068,3.834,0.340,19.170,0.2711
M2_N5_side_Q_0.15,2,5,0.15,0.089,4.196,0.500,21.600,0.3098
M2_N5_side_Q_0.20,2,5,0.2,0.127,4.335,0.635,21.675,0.3325
M2_N5_side_Q_0.25,2,5,0.25,0.147,4.614,0.785,23.240,0.3460
M2_N5_side_Q_0.30,2,5,0.3,0.189,4.639,0.945,23.195,0.3857
M2_N5_side_Q_0.35,2,5,0.35,0.212,4.668,1.060,23.340,0.3970
M2_N5_side_Q_0.40,2,5,0.4,0.242,4.795,1.210,23.975,0.4210
M2_N5_side_Q_0.45,2,5,0.45,0.269,4.890,1.345,24.450,0.4355
M2_N5_side_Q_0.50,2,5,0.5,0.297,4.922,1.485,24.610,0.4383
M2_N5_side_Q_0.55,2,5,0.55,0.313,5.004,1.620,25.390,0.4488
M2_N5_side_Q_0.60,2,5,0.6,0.351,4.945,1.755,24.725,0.4851
M2_N5_side_Q_0.65,2,5,0.65,0.378,5.075,1.890,25.375,0.5008
M2_N5_side_Q_0.70,2,5,0.7,0.413,4.948,2.065,24.740,0.5301
M2_N5_side_Q_0.75,2,5,0.75,0.447,4.956,2.235,24.780,0.5829
M2_N5_side_Q_0.80,2,5,0.8,0.476,4.935,2.380,24.675,0.6553
M2_N5_side_Q_0.85,2,5,0.85,0.505,4.983,2.525,24.915,0.7013
M2_N5_side_Q_0.90,2,5,0.9,0.538,5.010,2.690,25.050,0.8023
M2_N5_side_Q_0.95,2,5,0.95,0.567,4.900,2.835,24.500,0.9379
M2_N6_side_Q_0.05,2,6,0.05,0.030,2.865,0.180,17.190,0.1611
M2_N6_side_Q_0.10,2,6,0.1,0.051,3.603,0.306,21.618,0.2006
M2_N6_side_Q_0.15,2,6,0.15,0.072,3.822,0.432,22.932,0.2251
M2_N6_side_Q_0.20,2,6,0.2,0.099,4.112,0.594,24.672,0.2635
M2_N6_side_Q_0.25,2,6,0.25,0.121,4.134,0.726,24.804,0.2925
M2_N6_side_Q_0.30,2,6,0.3,0.153,4.267,0.918,25.602,0.3109
M2_N6_side_Q_0.35,2,6,0.35,0.178,4.370,1.068,26.220,0.3167
M2_N6_side_Q_0.40,2,6,0.4,0.191,4.425,1.146,26.550,0.3569
M2_N6_side_Q_0.45,2,6,0.45,0.220,4.606,1.320,27.636,0.3775
M2_N6_side_Q_0.50,2,6,0.5,0.243,4.617,1.458,27.702,0.3855
M2_N6_side_Q_0.55,2,6,0.55,0.276,4.661,1.656,27.966,0.4258
M2_N6_side_Q_0.60,2,6,0.6,0.292,4.753,1.752,28.518,0.4456
M2_N6_side_Q_0.65,2,6,0.65,0.321,4.566,1.926,27.396,0.4762
M2_N6_side_Q_0.70,2,6,0.7,0.341,4.706,2.046,28.236,0.5195
M2_N6_side_Q_0.75,2,6,0.75,0.362,4.669,2.172,28.014,0.5508
M2_N6_side_Q_0.80,2,6,0.8,0.391,4.575,2.346,27.450,0.5973
M2_N6_side_Q_0.85,2,6,0.85,0.410,4.586,2.460,27.516,0.6344
M2_N6_side_Q_0.90,2,6,0.9,0.443,4.411,2.658,26.466,0.6680
M2_N6_side_Q_0.95,2,6,0.95,0.481,4.646,2.886,27.876,0.7810
